{
    "error":"返回错误信息",
    "sort": {
        "key":"种类",
        "order":"desc"
        },
    "list": [{
        "name": "userId",
        "id": 3,
        "field1": "测试字段1阿里地方基金",
        "field2": "测试字段2阿迪力飞机"
    }, {
        "name": "userId",
        "id": 4,
        "field1": "测试字段110239",
        "field2": "测试字段2-civi"
    }, {
        "name": "userId",
        "id": 5,
        "field1": "测试字段11喔2会计法",
        "field2": "测试字段2oprijal"
    }, {
        "name": "userId",
        "id": 6,
        "field1": "测试字段1次哦as数据",
        "field2": "测试字段2pc哦vvn"
    }, {
        "name": "userId",
        "id": 7,
        "field1": "测试字段1阿s哦大fi期间",
        "field2": "测试字段2ewnvkjnvj"
    }, {
        "name": "userId",
        "id": 8,
        "field1": "测试字段1pq哦w额吉林省年内kv能控制",
        "field2": "测试字段2里前往克拉克对法索科洛夫"
    }, {
        "name": "userId",
        "id": 9,
        "field1": "测试字段1拉三度空间分离焦虑",
        "field2": "测试字段2阿拉的狂风巨浪科技"
    }, {
        "name": "userId",
        "id": 10,
        "field1": "测试字段1aa阿萨德芬兰科技",
        "field2": "测试字段2阿喀琉斯的解放路科技"
    }, {
        "name": "userId",
        "id": 6,
        "field1": "测试字段1asasldkfjl",
        "field2": "测试字段2阿迪力数据哦i家"
    }, {
        "name": "userId",
        "id": 11,
        "field1": "测试字段1asjdflj ",
        "field2": "测试字段2"
    }],
    "page": {
        "prev": 1,
        "next": 2,
        "current": 1,
        "range": [1, 2, 3, 4, 5, 6, 7, 8],
        "count": 8
    }
}